800033d0,boot_800033d0,3fd0
80003a40,boot_80003a40,4640
80003b50,boot_80003b50,4750
80004670,boot_80004670,5270
80004970,boot_80004970,5570
80004ad0,boot_80004ad0,56d0
800051a0,boot_800051a0,5da0
800057d0,boot_800057d0,63d0
80007600,boot_80007600,8200
8000a7a0,boot_8000a7a0,b3a0
8000c140,boot_8000c140,cd40
8000c7f0,boot_8000c7f0,d3f0
8000f7b0,boot_8000f7b0,103b0
80011cb0,boot_80011cb0,128b0
800121b0,boot_800121b0,12db0
80013130,boot_80013130,13d30
800135c0,boot_800135c0,141c0
80013660,boot_80013660,14260
80014b60,boot_80014b60,15760
800171d0,boot_800171d0,17dd0
80017300,boot_80017300,17f00
8001be70,boot_8001be70,1ca70
8001c110,boot_8001c110,1cd10
8001c860,boot_8001c860,1d460
8001d6c0,boot_8001d6c0,1e2c0
8001e830,boot_8001e830,1f430
8001f110,boot_8001f110,1fd10
8001f1f0,boot_8001f1f0,1fdf0
8001f4f0,boot_8001f4f0,200f0
8001f680,boot_8001f680,20280
80020340,boot_80020340,20f40
800206b0,boot_800206b0,212b0
800215a0,boot_800215a0,221a0
80023130,boot_80023130,23d30
80025030,boot_80025030,25c30
80027380,boot_80027380,27f80
80027430,boot_80027430,28030
8002b6b0,boot_8002b6b0,2c2b0
8002d010,boot_8002d010,2dc10
8002d260,boot_8002d260,2de60
8002eb60,boot_8002eb60,2f760
80032fa0,boot_80032fa0,33ba0
80033bd0,boot_80033bd0,347d0
800341c0,boot_800341c0,34dc0
80036330,boot_80036330,36f30
80037ae0,boot_80037ae0,386e0
80037f00,boot_80037f00,38b00
80038b50,boot_80038b50,39750
8003c500,boot_8003c500,3d100
8003f700,boot_8003f700,40300
8003fb90,boot_8003fb90,40790
8003fc30,boot_8003fc30,40830
80040440,boot_80040440,41040
80040f20,boot_80040f20,41b20
80041670,boot_80041670,42270
800422a0,boot_800422a0,42ea0
80042840,boot_80042840,43440
80048f50,boot_80048f50,49b50
80048f60,boot_80048f60,49b60
80049160,boot_80049160,49d60
80049c90,boot_80049c90,4a890
8004aac0,boot_8004aac0,4b6c0
8004ce60,boot_8004ce60,4da60
8004d0b0,boot_8004d0b0,4dcb0
8004d120,boot_8004d120,4dd20
8004d1c0,boot_8004d1c0,4ddc0
8004d260,boot_8004d260,4de60
8004d2e0,boot_8004d2e0,4dee0
8004d680,boot_8004d680,4e280
8004d700,boot_8004d700,4e300
8004d860,boot_8004d860,4e460
8004d8f0,boot_8004d8f0,4e4f0
8004df60,boot_8004df60,4eb60
8004e070,boot_8004e070,4ec70
8004eae0,boot_8004eae0,4f6e0
8004eb10,boot_8004eb10,4f710
8004eb70,boot_8004eb70,4f770
8004f6a0,boot_8004f6a0,502a0
8004fc00,boot_8004fc00,50800
8004fc50,boot_8004fc50,50850
800503b0,boot_800503b0,50fb0
80050580,boot_80050580,51180
80050600,boot_80050600,51200
80050aa0,boot_80050aa0,516a0
80050bf0,boot_80050bf0,517f0
80050ec0,boot_80050ec0,51ac0
80050f40,boot_80050f40,51b40
800511d0,boot_800511d0,51dd0
800514f0,boot_800514f0,520f0
80051550,boot_80051550,52150
80051690,boot_80051690,52290
800516e0,boot_800516e0,522e0
80051710,boot_80051710,52310
800517d0,boot_800517d0,523d0
80051960,boot_80051960,52560
80051c40,boot_80051c40,52840
80052140,boot_80052140,52d40
80052350,boot_80052350,52f50
80052920,boot_80052920,53520
80052fb0,boot_80052fb0,53bb0
80053190,boot_80053190,53d90
800532e0,boot_800532e0,53ee0
800532f0,boot_800532f0,53ef0
800533f0,boot_800533f0,53ff0
800534b0,boot_800534b0,540b0
80053550,boot_80053550,54150
80053560,boot_80053560,54160
800535c0,boot_800535c0,541c0
80053630,boot_80053630,54230
80053790,boot_80053790,54390
800537e0,boot_800537e0,543e0
80053850,boot_80053850,54450
80053860,boot_80053860,54460
800538e0,boot_800538e0,544e0
80053960,boot_80053960,54560
800539a0,boot_800539a0,545a0
80053a00,boot_80053a00,54600
80053c60,boot_80053c60,54860
80053fc0,boot_80053fc0,54bc0
800542f0,boot_800542f0,54ef0
800543d0,boot_800543d0,54fd0
80054400,boot_80054400,55000
80054710,boot_80054710,55310
80054770,boot_80054770,55370
800547f0,boot_800547f0,553f0
80054b30,boot_80054b30,55730
80054b70,boot_80054b70,55770
80054bb0,boot_80054bb0,557b0
80054c70,boot_80054c70,55870
80055040,boot_80055040,55c40
800553b0,boot_800553b0,55fb0
800553c0,boot_800553c0,55fc0
80055630,boot_80055630,56230
80055820,boot_80055820,56420
80055910,boot_80055910,56510
80055b40,boot_80055b40,56740
80055d70,boot_80055d70,56970
80055e20,boot_80055e20,56a20
80056050,boot_80056050,56c50
800568c0,boot_800568c0,574c0
80057520,boot_80057520,58120
80057540,boot_80057540,58140
800575b0,boot_800575b0,581b0
80057600,boot_80057600,58200
80057f80,boot_80057f80,58b80
80057fe0,boot_80057fe0,58be0
80057ff0,boot_80057ff0,58bf0
80058080,boot_80058080,58c80
80058180,boot_80058180,58d80
800581d0,boot_800581d0,58dd0
80058240,boot_80058240,58e40
800582b0,boot_800582b0,58eb0
80058510,boot_80058510,59110
800586a0,boot_800586a0,592a0
80058810,boot_80058810,59410
80058890,boot_80058890,59490
80058ac0,boot_80058ac0,596c0
80058ef0,boot_80058ef0,59af0
80059070,boot_80059070,59c70
80059180,boot_80059180,59d80
800592a0,boot_800592a0,59ea0
800592d0,boot_800592d0,59ed0
80059fb0,boot_80059fb0,5abb0
8005a010,boot_8005a010,5ac10
8005a030,boot_8005a030,5ac30
8005a100,boot_8005a100,5ad00
8005a700,boot_8005a700,5b300
8005aa00,boot_8005aa00,5b600
8005aa10,boot_8005aa10,5b610
8005aa20,boot_8005aa20,5b620
8005aab0,boot_8005aab0,5b6b0
8005aae0,boot_8005aae0,5b6e0
8005ad10,boot_8005ad10,5b910
8005b000,boot_8005b000,5bc00
8005b030,boot_8005b030,5bc30
8005b0d0,boot_8005b0d0,5bcd0
8005b750,boot_8005b750,5c350
8005b760,boot_8005b760,5c360
8005b780,boot_8005b780,5c380
8005c400,boot_8005c400,5d000
8005cf30,boot_8005cf30,5db30
8005d220,boot_8005d220,5de20
8005d330,boot_8005d330,5df30
8005d570,boot_8005d570,5e170
8005d680,boot_8005d680,5e280
8005d8d0,boot_8005d8d0,5e4d0
8005db00,boot_8005db00,5e700
8005db10,boot_8005db10,5e710
8005ddb0,boot_8005ddb0,5e9b0
8005e920,boot_8005e920,5f520
8005ea80,boot_8005ea80,5f680
8005ebe0,boot_8005ebe0,5f7e0
8005ec30,boot_8005ec30,5f830
8005ecd0,boot_8005ecd0,5f8d0
8005ed50,boot_8005ed50,5f950
8005f8d0,boot_8005f8d0,604d0
8005fa60,boot_8005fa60,60660
